Rank,OverallTier,Pos,PosTier,Player,Team,Bye,Tag,MarketADP,ExpertRank,FantasyCalc,FFCHalfPPR,YahooADP,ESPNpprADP,NumSignals,DecisionAnchor,Spread,ModelRank,Gap,AwardOdds,LeaguePts,YardBonusPts,Injury,InjuryBody,GreenFlag,RedFlag
1,1,RB,1,Jahmyr Gibbs,DET,6,,1.0,1.0,2,1,1,1,4,1.2,1,1,0,OPOY fav (+850),329.8,15.6,NR,NR,Three-down workhorse on the league's best offense with 72 catches projected — the rare RB with no receiving-work ceiling.,Detroit has never fully abandoned a committee; any Pacheco role creep eats goal-line work.
2,1,RB,1,Bijan Robinson,ATL,11,,2.0,2.0,1,2,2,2,4,1.9,1,2,0,OPOY (+900),320.2,17.2,NR,NR,84 receptions projected — the highest of any back — makes him nearly matchup-proof in half PPR.,"Atlanta's QB situation is genuinely unsettled, which caps red-zone volume."
3,2,WR,1,Ja'Marr Chase,CIN,6,,3.7,3.0,3,4,3,3,4,3.4,1,4,0,OPOY (+1100),279.6,17.2,Questionable,Knee,116-catch target monopoly with Burrow healthy; 11 TDs projected is the highest of any WR.,"Entire value is chained to Burrow's availability, and Burrow has missed significant time twice."
4,2,WR,1,Puka Nacua,LAR,11,,3.3,4.0,7,3,4,4,4,4.1,4,3,0,OPOY (+1200),281.4,18.2,Questionable,Undisclosed,"1,561 yards projected, best in the league, on a target share that borders on absurd.",Preseason soreness plus a real 2024 injury history; he has never played a full 17.
5,3,WR,2,Jaxon Smith-Njigba,SEA,11,,5.7,5.0,4,5,7,6,4,5.2,2,5,0,OPOY (+1500),265.3,18.0,NR,NR,"Coming off a breakout with a 1,500-yard projection and zero target competition of note.","Darnold's efficiency is volatile, and Seattle added Kupp and Shaheed to the room."
6,3,RB,2,Jonathan Taylor,IND,13,,5.7,7.0,5,6,5,5,4,6.0,2,6,0,,280.2,16.2,NR,NR,12 rushing TDs projected — a genuine league-leading rushing-score profile.,"Only 36 catches; in half PPR he needs volume and touchdowns to hit, with no pass-game safety net."
7,3,RB,2,Christian McCaffrey,SF,8,,6.7,6.0,6,7,6,7,4,6.4,1,8,-1,,274.1,10.1,Questionable,Undisclosed,82 catches at RB is a half-PPR cheat code; nobody in football has a safer floor when active.,"Turns 30 this season with a long injury ledger, so the market is pricing a wider range of outcomes than the projection."
8,3,WR,2,Amon-Ra St. Brown,DET,6,,8.0,8.0,8,8,8,8,4,8.0,0,7,0,,259.9,15.2,NR,NR,"119 catches and 10 TDs — the most reliable weekly floor at the position, full stop.","Detroit's offense funnels through Gibbs near the goal line, capping his TD ceiling."
9,3,RB,3,James Cook,BUF,7,,9.0,9.0,9,9,9,9,4,9.0,0,10,0,,263.0,14.4,NR,NR,11 rushing TDs projected in an offense that scores constantly.,"Only 32 catches, and Josh Allen personally vultures goal-line carries."
10,3,RB,3,Derrick Henry,BAL,13,,12.0,11.0,17,10,16,14,4,12.4,6,9,2,,263.2,17.6,NR,NR,"12 rushing TDs projected and 1,572 yards; the touchdown floor is unmatched.",Zero receiving work and age 32 make him unusually dependent on rushing volume and touchdowns.
11,3,WR,3,CeeDee Lamb,DAL,14,,11.7,10.0,12,12,11,10,4,11.2,2,12,0,,232.3,13.6,NR,NR,Elite alpha with the most consistent target share in football and no injury flags.,George Pickens now takes real targets; 87 catches is a step down from his peak.
12,3,RB,3,De'Von Achane,MIA,6,,12.0,17.0,10,11,14,12,4,13.2,7,11,1,,249.0,11.9,NR,NR,Big-play explosiveness plus 56 catches; ceiling weeks are as high as anyone's.,"Only 6 rushing TDs projected, and the offense carries meaningful quarterback uncertainty."
13,3,WR,3,Justin Jefferson,MIN,6,,12.7,14.0,11,13,12,11,4,12.8,3,13,0,,231.2,14.0,NR,NR,Still the best pure receiver alive; Kyler Murray is a meaningful QB upgrade in aggression.,Murray's accuracy swings wildly and Minnesota's line remains a problem.
14,3,RB,3,Saquon Barkley,PHI,10,,14.0,12.0,13,16,10,13,4,13.2,2,14,-1,,246.9,12.2,NR,NR,Behind the best run-blocking line in football with a full three-down role.,"Coming off an enormous workload, so age and durability create a wider range of outcomes."
15,4,RB,3,Kenneth Walker III,KC,5,,17.7,13.0,16,20,13,23,4,16.0,5,15,1,,242.9,11.0,NR,NR,Fresh start in the best offense in football with 9 rushing TDs projected.,Kansas City has never let one back own the backfield; Emmett Johnson lurks.
16,4,RB,3,Chase Brown,CIN,6,,14.3,15.0,14,14,15,16,4,14.5,1,18,-2,,235.9,7.6,NR,NR,55 catches and 11 total TDs in a Burrow offense that will score plenty.,Cincinnati has flirted with a committee every camp; his workload is less locked than the ADP implies.
17,4,WR,3,Drake London,ATL,11,,16.3,18.0,26,15,19,18,4,18.3,10,16,1,,224.6,13.2,NR,NR,99 catches and a bona fide alpha target share; contested-catch king in the red zone.,Atlanta QB uncertainty is the single biggest unpriced risk in the top 20.
18,4,RB,3,Omarion Hampton,LAC,7,,20.3,16.0,15,22,17,15,4,18.2,5,19,0,,234.8,8.7,NR,NR,Three-down rookie-contract back with 52 catches projected and no real competition.,Second-year leap is priced in already; the Chargers line is average at best.
19,4,RB,4,Ashton Jeanty,LV,13,,21.3,25.0,19,23,18,20,4,22.1,6,20,3,,234.6,9.1,Questionable,Knee,56 receptions projected gives him a three-down role in a Raiders offense with no competition.,Only 7 rushing TDs projected — the touchdown equity isn't there yet behind a mediocre line.
20,4,WR,3,Nico Collins,HOU,8,,21.0,22.0,23,21,21,25,4,21.6,2,22,2,,216.6,12.9,NR,NR,"1,186 yards projected on a low reception count means elite efficiency and big-play weeks.","Stroud's regression is real, and Collins has never played a full season."
21,4,WR,3,A.J. Brown,NE,11,,19.3,20.0,18,17,24,19,4,19.3,2,24,-2,,212.6,11.9,NR,NR,"New alpha in a Drake Maye offense that projects for 4,100 yards; huge target consolidation.","The outside signals disagree on the New England fit, so treat the exact slot as less certain than the tier."
22,4,TE,1,Brock Bowers,LV,13,,34.7,21.0,20,42,20,22,4,28.4,15,17,6,,225.3,8.8,NR,NR,103 catches at tight end — the single most valuable asset in a 0.75 TE-premium league.,Raiders offense is a mess with a rookie QB; touchdown equity is capped.
23,4,WR,3,George Pickens,DAL,14,,20.3,19.0,22,19,23,26,4,20.2,3,28,-3,,205.3,11.3,NR,NR,"Dak throwing him 1,100 yards with Lamb drawing the shadow corner every week.","Only 74 catches — in half PPR he's a boom/bust yardage play, not a floor play."
24,4,WR,3,Chris Olave,NO,8,,26.7,23.0,28,25,30,28,4,25.8,5,25,2,,208.4,11.0,NR,NR,97 catches projected as the unquestioned No. 1 in a Saints offense with a new QB throwing a lot.,Concussion history is the most serious in the league at the position.
25,5,QB,1,Josh Allen,BUF,7,,28.0,37.0,21,31,22,17,4,29.6,16,23,5,MVP fav (+600),358.6,7.5,NR,NR,12 rushing TDs is a category unto itself; he's been a top-two fantasy QB six straight years.,You're paying a third-round pick for an edge over a QB you can get in round 11.
26,5,TE,1,Trey McBride,ARI,14,,36.0,28.0,24,41,26,21,4,31.8,12,21,6,,219.3,8.1,NR,NR,104 catches at TE — in your 0.75-premium format that's roughly 78 free points nobody else at the position gets.,"Only 7 TDs projected; he's a volume TE, not a scoring TE, and Arizona's QB room is Brissett."
27,5,RB,5,Javonte Williams,DAL,14,,30.3,24.0,30,30,31,29,4,28.4,6,27,1,,222.2,9.6,NR,NR,10 rushing TDs behind a rebuilt Dallas line in a high-scoring offense.,Only 33 catches and Jaydon Blue is the pass-down back; the role is narrower than it looks.
28,5,WR,4,Rashee Rice,KC,5,,23.7,38.0,31,18,35,27,4,29.1,14,29,1,,204.4,9.3,NR,NR,96 catches and Mahomes' clear No. 1 — elite half-PPR volume if the role holds.,Kansas City's WR room got crowded and his own availability history is spotty.
29,5,RB,5,Kyren Williams,LAR,11,,26.3,26.0,29,27,25,31,4,26.6,3,31,-2,,215.7,8.6,NR,NR,10 TDs and a bell-cow role the Rams have never taken away despite drafting替 backs.,Blake Corum is a genuine threat and only 34 catches means no half-PPR cushion.
30,5,RB,5,Breece Hall,NYJ,13,,33.7,33.0,33,34,33,33,4,33.4,1,26,3,,224.3,9.4,Questionable,Thigh,47 catches and a clear lead role; the athletic profile still screams league-winner.,Only 5 rushing TDs are projected in an offense with uncertain scoring volume.
31,5,WR,4,Malik Nabers,NYG,8,,27.0,27.0,25,26,29,32,4,26.7,2,32,-4,CPOY (+1300),195.4,10.1,Questionable,Knee - ACL,"True alpha with Dart's arm and a full offseason of chemistry; 1,077 yards projected.",Missed time last season and the Giants' offense still projects bottom-third in scoring.
32,5,WR,4,Zay Flowers,BAL,13,,27.3,31.0,37,24,34,39,4,29.9,10,35,-2,,193.8,10.8,Questionable,Undisclosed,"Separation ability plus Lamar; 79/1,117 with room for more as Andrews ages out.",Quad contusion in camp and Baltimore is a run-first offense by design.
33,5,WR,4,Garrett Wilson,NYJ,13,,34.3,39.0,38,29,45,35,4,36.3,5,30,3,,200.4,10.5,NR,NR,100 receptions projected — pure half-PPR volume regardless of who's throwing.,5 TDs on 100 catches tells you everything about the Jets' red-zone offense.
34,5,RB,5,Travis Etienne Jr.,NO,8,,37.7,29.0,34,37,39,36,4,34.5,9,36,0,,209.4,8.2,NR,NR,44 catches and a fresh three-down opportunity in New Orleans.,Only 5 rushing TDs projected; the efficiency has trended down three straight years.
35,6,RB,5,Jeremiyah Love,ARI,14,,28.0,36.0,27,28,28,24,4,30.3,9,40,-5,ORoY fav (+320),202.7,7.2,Questionable,Ankle,56 catches projected for a rookie — that's a genuine three-down role from day one.,High ankle sprain in camp with an unclear timeline.
36,6,WR,4,DeVonta Smith,PHI,10,,30.3,30.0,36,32,27,34,4,31.1,6,41,-5,,186.1,9.7,NR,NR,83 catches in a great offense with a fully healthy A.J. Brown-free target share.,Fourth documented hamstring strain this month — receivers average a 15% drop in the first game back.
37,6,WR,4,Tetairoa McMillan,CAR,5,,35.3,47.0,39,33,40,38,4,39.4,12,33,2,,194.7,11.1,NR,NR,"Every source agrees within a pick — rare consensus on a second-year breakout with 78/1,081 projected.","Bryce Young's ceiling is the ceiling, and Carolina's line is a work in progress."
38,6,WR,4,Emeka Egbuka,TB,10,,38.7,46.0,46,36,44,41,4,42.0,7,34,4,,194.7,9.8,Questionable,Undisclosed,"78/1,046/7 in year two with Godwin fading; near-total market agreement on the breakout.","Mayfield's efficiency swings hard, and Tampa's WR room is deep enough to split targets."
39,6,WR,5,Tee Higgins,CIN,6,,34.0,35.0,45,35,32,48,4,36.0,11,44,-3,,183.9,7.9,Questionable,Heel,8 TDs projected — best red-zone receiver on a team that will throw 590 times.,Perennially injured and still the WR2 in his own offense.
40,6,WR,5,Ladd McConkey,LAC,7,,42.7,34.0,40,43,42,43,4,39.7,9,43,0,,184.9,8.7,NR,NR,76 catches from the slot is exactly the profile half PPR rewards.,Only 6 TDs and 956 yards — a floor play with a genuinely low ceiling.
41,6,RB,5,Cam Skattebo,NYG,8,,40.3,53.0,48,40,41,40,4,45.3,13,38,4,,202.9,6.8,NR,NR,8 rushing TDs and 44 catches — a genuine three-down role as a second-year back.,"The efficiency metrics never fully supported last year's usage, so the projected role matters heavily."
42,6,RB,5,D'Andre Swift,CHI,10,,43.7,32.0,42,44,43,47,4,39.9,12,46,-2,,198.8,7.1,Questionable,Undisclosed,233 carries and 39 catches — a genuine three-down role in an ascending offense.,Career-long efficiency problems; Monangai took real short-yardage work last year.
43,6,WR,5,Davante Adams,LAR,11,,44.3,41.0,53,38,57,42,4,44.6,12,42,2,,185.3,7.0,NR,NR,"10 TDs projected — the highest of any WR outside the top five, with Stafford throwing 33 scores.",Age 33 and only 70 catches; the reception floor in half PPR is thinner than the name suggests.
44,6,TE,2,Colston Loveland,CHI,10,,51.7,43.0,41,59,37,37,4,47.5,11,37,4,,188.2,6.3,NR,NR,"73/848/6 in year two, and in your 0.75 format that reception volume is worth ~55 bonus points.","Chicago's target tree is crowded with Odunze, Burden, and Moore all needing looks."
45,7,WR,5,Jameson Williams,DET,6,,47.0,45.0,59,39,63,58,4,48.2,14,39,3,,186.8,9.7,NR,NR,16.5 yards per catch and 7 TDs — the most explosive big-play profile in this tier.,Only 66 catches; in half PPR he's a yardage-and-TD play with weekly zeros baked in.
46,7,WR,5,Jaylen Waddle,DEN,10,,42.7,42.0,35,45,38,50,4,41.3,8,47,-5,,181.3,8.5,NR,NR,Fresh start with Bo Nix in a Denver offense that badly needed a separator; 72/987 projected.,"New system, new QB, and Courtland Sutton still owns the red zone."
47,7,RB,6,Bucky Irving,TB,10,,47.7,40.0,47,47,49,53,4,45.3,8,50,-2,,193.4,6.6,NR,NR,261 carries projected in a Tampa offense that will control games.,Backfield committee risk could make the weekly touch count less secure than the projection.
48,7,RB,6,Quinshon Judkins,CLE,11,,50.3,63.0,49,50,51,45,4,53.9,14,45,6,,199.3,9.1,NR,NR,275 carries projected — one of the highest pure-volume workloads in the league.,Only 30 catches in a Cleveland offense that may not clear 20 points a game.
49,7,WR,5,Terry McLaurin,WAS,7,,48.0,48.0,60,46,52,55,4,49.8,12,49,1,,178.4,8.7,NR,NR,65/937/6 with a full Jayden Daniels season and Diggs gone.,Age 31 coming off a down year; Washington added mouths and McLaurin's target share is shrinking.
50,7,QB,2,Lamar Jackson,BAL,13,,50.7,52.0,32,58,36,30,4,48.3,20,53,-2,MVP 2nd (+700),317.0,7.1,NR,NR,646 rushing yards from the QB position remains the highest-floor cheat code in fantasy.,"Only 3 rushing TDs are projected, and paying an early-QB price reduces flexibility elsewhere."
51,7,QB,2,Drake Maye,NE,11,,49.7,67.0,44,51,47,44,4,54.0,23,51,3,MVP (+1100),319.1,9.6,NR,NR,"4,140 yards and 29 TDs projected with A.J. Brown added — the QB2 overall by projection.",This price assumes the third-year leap and upgraded passing environment arrive immediately.
52,7,WR,5,Rome Odunze,CHI,10,,54.3,62.0,73,49,65,60,4,59.4,19,48,7,,181.0,8.7,Questionable,Leg,65/945/7 with a Caleb Williams leap and the most red-zone targets in the Bears room.,A three-way target split with Burden and Moore makes the ceiling role-dependent.
53,7,RB,6,David Montgomery,HOU,8,,54.7,51.0,50,57,50,56,4,52.9,5,56,0,,187.5,6.3,NR,NR,7 rushing TDs — Houston's designated goal-line back with a defined role.,"Age 29, while Woody Marks handles passing downs and limits his receiving floor."
54,7,WR,6,DJ Moore,BUF,7,,50.7,49.0,54,48,56,54,4,50.7,5,57,-3,,168.2,7.2,NR,NR,71 catches as Josh Allen's new possession target; the offense guarantees scoring chances.,Buffalo spreads it around more than any elite offense — no Bills WR has a safe target share.
55,8,WR,6,Christian Watson,GB,11,,58.0,57.0,63,54,66,80,4,58.5,6,52,4,,175.2,8.4,NR,NR,7 TDs on 65 catches; the deep-ball profile finally has a healthy Jordan Love throwing it.,Long injury history and Green Bay's five-way target committee is the worst in football.
56,8,RB,6,Bhayshul Tuten,JAC,7,,54.7,60.0,57,52,60,57,4,56.6,5,55,1,,187.6,6.2,Questionable,Illness,257 carries projected — near-total agreement across sources that he's the lead back.,Only 7 TDs and Chris Rodriguez is the short-yardage back; the goal-line work isn't his.
57,8,TE,3,Tyler Warren,IND,13,,62.7,61.0,52,71,46,46,4,60.6,11,54,4,,175.0,4.7,Questionable,Groin,78 catches at TE in a premium format is elite; 106 targets as a rookie proved the role.,"Adductor strain in camp, and he averaged 6.3 PPG in games without Daniel Jones last year."
58,8,WR,6,Luther Burden III,CHI,10,,53.7,44.0,56,53,55,65,4,51.1,12,69,-7,,156.1,6.2,Questionable,Lower Body,Separation grades were elite as a rookie and Chicago's offense is trending up fast.,Groin injury costing him the entire preseason — expect a slow Week 1-4 ramp.
59,8,QB,3,Joe Burrow,CIN,6,,52.7,66.0,43,55,48,51,4,55.2,23,66,-4,MVP (+1000),300.6,9.9,NR,NR,33 passing TDs projected — the highest passing-score total in the league by a wide margin.,Durability and nearly zero rushing production limit both floor and positional advantage.
60,8,QB,3,Jayden Daniels,WAS,7,,67.3,59.0,61,74,54,49,4,63.9,8,58,4,CPOY (+400),308.1,7.1,NR,NR,685 rushing yards projected — the highest rushing floor of any QB in football.,"Missed time last season and Washington's WR room got thinner, not deeper."
61,8,WR,6,Mike Evans,SF,8,,60.7,54.0,70,56,70,74,4,60.1,16,62,-1,,164.0,7.7,Questionable,Foot,"7 TDs and a red-zone role that has produced 1,000 yards eleven straight seasons.",Age 34 plus a camp quad injury introduce meaningful decline and availability risk.
62,8,QB,3,Jalen Hurts,PHI,10,,71.7,58.0,55,81,53,52,4,65.1,17,59,3,,307.8,4.8,NR,NR,8 rushing TDs from the tush push is a guaranteed floor nobody else has.,"Only 3,556 passing yards projected — Philly's run-heavy scheme caps the ceiling."
63,8,RB,7,Jadarian Price,SEA,11,,66.7,55.0,51,69,62,59,4,60.8,16,70,-2,ORoY (+750),171.5,5.0,NR,NR,195 carries and 7 TDs projected for a rookie — a real workhorse role in Seattle.,Charbonnet's return and zero NFL tape; ESPN won't rank him.
64,8,WR,6,Marvin Harrison Jr.,ARI,14,,70.0,64.0,71,67,76,69,4,68.4,7,64,4,,163.3,7.4,NR,NR,64/933/6 with the talent to break out the moment the QB play stabilizes.,Two straight disappointing years and Jacoby Brissett is throwing him the ball.
65,9,WR,6,Parker Washington,JAC,7,,66.7,50.0,62,63,74,81,4,61.0,17,72,-4,,154.7,5.8,NR,NR,62/814/5 with a clear path to WR1 targets in Jacksonville after camp buzz.,Undisclosed camp injury and Brian Thomas Jr. still exists; the role isn't locked.
66,9,WR,6,DK Metcalf,PIT,9,,70.3,85.0,89,65,81,78,4,77.5,19,60,12,,164.6,7.4,Questionable,Undisclosed,67/944/6 with Aaron Rodgers still capable of pushing the ball downfield.,Pittsburgh added Pittman; the target share splits and Rodgers is 42.
67,9,RB,7,Rhamondre Stevenson,NE,11,,66.3,56.0,67,62,75,68,4,63.3,11,76,-4,,169.0,3.1,NR,NR,7 rushing TDs and 40 catches — the actual passing-down back in an ascending offense.,Henderson is the more explosive player and will take the sexy touches.
68,9,TE,4,Harold Fannin Jr.,CLE,11,,75.7,NR,84,79,69,63,3,77.5,8,61,10,,165.2,4.2,NR,NR,77 catches at TE — in a 0.75 premium that's ~58 bonus points from reception volume alone.,Cleveland's QB situation is the worst in football and TE targets there historically evaporate.
69,9,TE,4,Kyle Pitts Sr.,ATL,11,VALUE,89.0,NR,78,98,71,61,3,86.6,11,63,18,,164.6,5.1,NR,NR,76 catches at TE finally realizes the athletic profile; premium scoring loves the volume.,Six years of broken promises and an unsettled Atlanta QB room.
70,9,RB,7,TreVeyon Henderson,NE,11,,66.3,71.0,65,66,67,67,4,67.5,6,74,-2,,169.7,4.1,Questionable,Leg,7 rushing TDs and 34 catches with explosive traits and a rising offense.,A split backfield with Stevenson makes his weekly touch floor uncertain.
71,9,WR,7,Courtland Sutton,DEN,10,,75.7,91.0,99,60,107,72,4,83.8,23,65,13,,160.7,5.9,NR,NR,7 TDs — Denver's clear red-zone target with a proven Nix connection.,"Waddle's arrival directly threatens his target share, and he's 31."
72,9,WR,7,Carnell Tate,TEN,9,,78.0,90.0,76,78,78,70,4,81.3,14,67,9,ORoY (+700),157.6,6.9,Questionable,Undisclosed,Immediate No. 1 role as a rookie with 65/867 projected on a team with no other target.,"Cam Ward projects as a bottom-five fantasy quarterback, capping passing efficiency."
73,9,RB,7,Jaylen Warren,PIT,9,,67.0,69.0,69,64,73,76,4,67.9,2,80,-5,,167.2,4.0,NR,NR,41 catches and 190 carries; the passing-down role is genuinely valuable in half PPR.,"Rico Dowdle splits the backfield, so the weekly rushing role is contested."
74,9,QB,3,Dak Prescott,DAL,14,,69.3,75.0,66,68,72,64,4,70.5,9,81,-4,,293.5,11.8,NR,NR,"4,329 yards and 31 TDs projected with Lamb and Pickens — top-five passing volume.",Zero rushing production means no floor when the offense stalls; age 33 and injury-prone.
75,10,WR,7,Brian Thomas Jr.,JAC,7,,74.7,78.0,91,72,80,106,4,78.1,16,73,3,,154.1,6.5,NR,NR,"Elite athletic profile that produced 1,200 yards as a rookie; the talent is undeniable.",The current 56/812/5 projection implies a major volume step backward.
76,10,RB,7,Tony Pollard,TEN,9,,74.0,79.0,87,70,82,79,4,77.5,13,75,2,,169.3,6.5,NR,NR,242 carries and 32 catches; volume is genuinely locked in Tennessee.,Only 5 TDs are projected on an offense that may struggle to create scoring chances.
77,10,TE,4,Sam LaPorta,DET,6,SLEEPER,95.7,68.0,74,113,61,66,4,84.1,28,71,7,,156.0,3.3,Questionable,Hip,61/745/5 in the league's best offense gives him strong TE-premium upside.,Camp injury plus a target share that keeps shrinking as Detroit's WRs improve.
78,10,QB,3,Caleb Williams,CHI,10,,80.7,73.0,58,89,64,75,4,75.0,23,95,-3,,287.8,6.9,NR,NR,27 passing TDs plus 412 rushing yards in year three with a loaded weapons room.,The projection still requires a large efficiency leap behind an unsettled offense.
79,10,WR,7,Jayden Reed,GB,11,,95.7,77.0,102,85,117,135,4,91.0,25,77,12,,152.6,4.8,NR,NR,66 catches plus 11 rush attempts; the most schemed-touch WR in Green Bay.,Packers spread it five ways and Reed has never cleared 900 yards.
80,10,TE,4,Travis Kelce,KC,5,SLEEPER,119.7,NR,90,134,91,86,3,113.3,30,68,33,,157.4,3.8,NR,NR,73 catches at TE with Mahomes; in a 0.75 premium that's still ~55 bonus points.,"At age 37, workload management and sudden decline are impossible to ignore."
81,10,WR,7,Michael Pittman Jr.,PIT,9,VALUE,97.0,97.0,108,82,127,82,4,98.7,11,79,18,,151.3,5.2,Questionable,Leg,76 catches projected — pure half-PPR volume in a new offense that needed a possession WR.,Pittsburgh's new target hierarchy and passing efficiency remain difficult to project.
82,10,QB,3,Trevor Lawrence,JAC,7,,89.0,74.0,77,94,79,94,4,82.7,15,88,1,,289.3,7.9,NR,NR,"3,948 yards and 25 TDs with 302 rushing yards; a stable QB1 floor at a QB10 cost.",Six years of never quite breaking out; the Jacksonville weapons are unproven.
83,10,RB,7,Rico Dowdle,PIT,9,,77.7,65.0,72,75,83,87,4,73.0,13,121,-10,,156.4,4.0,NR,NR,186 carries and 30 catches — proved last year he can handle a lead role when given one.,Splits with Jaylen Warren and Pittsburgh's offense projects bottom-ten in scoring.
84,10,RB,7,J.K. Dobbins,DEN,10,,83.3,80.0,86,80,90,103,4,82.7,6,94,-1,,161.3,5.2,NR,NR,988 rushing yards and 7 TDs — a genuine lead-back workload in a good offense.,"16 catches means zero half-PPR cushion, and the injury history is long."
85,11,WR,7,Alec Pierce,IND,13,,72.0,NR,100,61,94,98,3,78.0,28,108,-7,,141.5,6.5,NR,NR,917 yards on just 60 catches — the highest yards-per-reception profile in this range.,Pure boom/bust deep threat; Daniel Jones is inconsistent and half PPR doesn't reward 60 catches.
86,11,QB,3,Justin Herbert,LAC,7,,95.3,72.0,64,109,68,77,4,83.6,31,98,-2,MVP (+1100),287.0,7.6,NR,NR,"3,952 yards, 25 TDs, and 427 rushing yards — a genuine dual-threat at a QB10 price.",The Chargers' rebuilt passing game remains unproven.
87,11,TE,4,George Kittle,SF,8,,85.7,NR,83,90,77,62,3,85.1,3,93,-2,,146.1,2.6,Questionable,Achilles,57/655/5 at TE; still the most efficient tight end in football when healthy.,A camp injury at age 32 adds durability risk to an already volatile weekly role.
88,11,TE,4,Tucker Kraft,GB,11,,83.0,76.0,68,95,59,83,4,78.7,15,116,-9,,141.8,2.8,Questionable,Knee - ACL,57/724/5 at TE fits this league's premium particularly well.,"Coming off an ACL tear, so recovery and early-season workload are major unknowns."
89,11,QB,4,Bo Nix,DEN,10,SLEEPER,109.3,NR,81,116,96,95,3,103.2,28,83,14,,291.4,7.2,NR,NR,27 passing TDs and 362 rushing yards behind a good line — a top-eight QB projection.,The accuracy questions from year one never fully resolved.
90,11,WR,7,Michael Wilson,ARI,14,,81.7,100.0,88,73,99,97,4,88.1,18,104,-2,,141.9,5.4,NR,NR,66 catches with Harrison drawing coverage; quietly the Cardinals' most reliable target.,Only 4 TDs and Brissett at QB — the ceiling is a WR4.
91,11,QB,4,Jaxson Dart,NYG,8,SLEEPER,112.3,NR,92,124,89,73,3,107.9,20,87,17,,289.6,5.2,NR,NR,564 rushing yards and 6 rushing TDs — the cheapest konami-code QB in the draft.,Only 20 passing TDs projected and he took brutal hits as a rookie.
92,11,WR,8,Jordan Addison,MIN,6,,100.0,84.0,114,91,118,116,4,97.3,30,105,5,,141.9,4.9,NR,NR,55/769/5 with Kyler Murray's aggression pushing more downfield targets his way.,Jefferson takes everything that matters and Addison's efficiency has never been elite.
93,11,QB,4,Brock Purdy,SF,8,,89.0,88.0,97,86,95,99,4,89.9,9,122,-3,,283.0,9.5,NR,NR,"4,157 yards and 27 TDs; he's been a top-12 fantasy QB per game in all three full seasons.",Turf toe cost him nine games last year and the 49ers' WR room is rebuilt.
94,11,TE,4,Mark Andrews,BAL,13,SLEEPER,130.0,NR,127,137,116,118,3,129.4,3,90,35,,146.5,2.5,NR,NR,6 TDs at TE — the best red-zone tight end profile available this late.,61 catches at age 31 with Likely gone but Flowers and Bateman ascending.
95,12,WR,8,Jakobi Meyers,JAC,7,VALUE,117.7,NR,132,87,179,112,3,120.8,14,97,26,,144.5,4.2,Questionable,Hand,67 catches projected — reliable possession volume that half PPR pays for.,Only 5 TDs and he's the third option in Jacksonville behind Washington and Thomas.
96,12,WR,8,Matthew Golden,GB,11,VALUE,115.3,NR,119,102,142,109,3,116.1,4,100,20,,143.6,5.1,NR,NR,Second-year leap candidate; ESPN is 40 picks higher than everyone else on the breakout.,54/702/5 is a WR5 projection and the Green Bay committee is brutal.
97,12,WR,8,Quentin Johnston,LAC,7,,90.7,86.0,95,83,106,126,4,89.9,9,142,-7,,137.4,4.5,NR,NR,6 TDs on just 50 catches — Herbert's preferred red-zone target.,50 catches in half PPR is a weekly coin flip; the drops problem hasn't gone away.
98,12,RB,8,Josh Jacobs,GB,11,,70.0,96.0,75,76,58,91,4,78.5,26,162,-20,,147.3,4.6,NA,Groin,10 rushing TDs projected — Green Bay feeds him everything inside the 10.,Age 28 with heavy mileage creates legitimate efficiency and durability risk.
99,12,RB,8,Chuba Hubbard,CAR,5,,88.0,87.0,82,88,88,104,4,86.8,6,149,-12,,152.3,3.2,Questionable,Hamstring,192 carries and 34 catches; the incumbent with a real receiving role.,A healthy Jonathon Brooks could materially reduce his workload as the season develops.
100,12,QB,4,Matthew Stafford,LAR,11,,83.7,94.0,80,77,97,85,4,86.2,14,154,-14,,277.7,10.8,NR,NR,"33 passing TDs projected — tied for the league lead, with Nacua and Adams to throw to.",Age 38 with back issues; zero rushing floor means a bad game is a truly bad game.
101,12,TE,5,Dallas Goedert,PHI,10,,115.7,NR,115,122,103,92,3,115.5,1,115,14,,141.8,2.6,NR,NR,6 TDs at TE — the highest scoring projection of any tight end in this range.,58 catches and Philadelphia's run-first identity caps everything.
102,12,QB,4,Jared Goff,DET,6,,108.0,NR,103,105,114,131,3,106.9,5,136,5,,282.0,12.1,NR,NR,32 passing TDs projected — the third-highest total in football at a QB16 price.,Zero rushing production makes him unusually dependent on passing touchdowns.
103,12,TE,5,Jake Ferguson,DAL,14,SLEEPER,142.3,NR,113,154,119,108,3,136.0,29,111,33,,142.3,1.7,NR,NR,71 catches at TE — that reception volume in a 0.75 format is worth ~53 bonus points.,Only 585 yards; he's a checkdown TE behind Lamb and Pickens.
104,12,TE,5,Dalton Kincaid,BUF,7,SLEEPER,131.7,NR,107,151,93,123,3,126.4,25,123,22,,141.1,3.4,NR,NR,52/645/5 at TE with premium scoring and Josh Allen throwing.,Buffalo's tight-end usage has never been reliable week to week.
105,13,WR,8,Xavier Worthy,KC,5,VALUE,122.7,NR,133,100,168,124,3,124.9,10,124,20,,140.2,4.3,NR,NR,57 catches plus 12 carries and a rushing TD; Andy Reid schemes him touches.,Rice's return pushes him to WR2 and 735 yards is a WR5 projection.
106,13,WR,8,Wan'Dale Robinson,TEN,9,VALUE,123.3,NR,126,97,176,102,3,123.9,3,140,18,,137.8,4.3,Questionable,Head,77 receptions projected — one of the highest catch totals available this late.,3 TDs on 796 yards; he's a PPR compiler with almost no scoring equity.
107,13,TE,5,Isaiah Likely,NYG,8,SLEEPER,127.0,NR,106,136,109,114,3,122.5,21,144,16,,138.1,3.0,NR,NR,56/656/4 with a full-time role for the first time in his career.,Giants offense is a bottom-ten scoring unit and Theo Johnson still gets snaps.
108,13,WR,8,Khalil Shakir,BUF,7,VALUE,132.3,NR,135,110,177,134,3,132.9,3,141,25,,137.6,4.2,Questionable,Undisclosed,72 catches — the most reliable reception floor in the Buffalo receiving corps.,4 TDs and 766 yards; the ceiling is a bye-week fill-in.
109,13,QB,4,Kyler Murray,MIN,6,SLEEPER,128.3,NR,124,135,115,128,3,127.4,4,151,18,CPOY (+600),278.6,5.8,NR,NR,494 rushing yards with Justin Jefferson to throw to — the dual-threat upside is real.,The injury history and a new system are real risks.
110,13,WR,9,Josh Downs,IND,13,,98.0,89.0,112,96,102,130,4,97.4,23,164,-13,,130.4,3.5,Questionable,Undisclosed,68 receptions projected — pure slot volume that half PPR rewards every week.,"Only 4 TDs are projected, and the target share depends on unsettled quarterback play."
111,13,RB,8,Jonathon Brooks,CAR,5,FADE,90.3,83.0,98,92,87,96,4,89.3,15,173,-22,,143.6,2.7,Questionable,Undisclosed,158 carries and 32 catches; cleared and praised all camp after two years lost to injury.,Two ACL tears in the same knee within 13 months — the risk is exactly what it looks like.
112,13,WR,9,Romeo Doubs,NE,11,,130.0,NR,122,101,188,142,3,128.3,8,159,16,,132.5,4.1,NR,NR,"58/759/5 with Drake Maye throwing 4,100 yards in a rising offense.",A.J. Brown is the alpha and Doubs has never been more than a WR3.
113,13,QB,4,Patrick Mahomes,KC,5,,106.0,99.0,79,107,104,100,4,99.8,27,175,-13,CPOY fav (+185),269.8,7.6,Questionable,Knee - ACL,26 TDs and 315 rushing yards with the best supporting cast he's had in three years.,Knee injury he's still managing and no preseason reps.
114,13,WR,9,Makai Lemon,PHI,10,,128.0,NR,111,131,122,127,3,124.4,17,165,10,,130.1,4.1,NR,NR,56/658/4 as a rookie in a Philadelphia offense with real scoring equity.,Third option behind Smith and the run game.
115,14,RB,8,Kyle Monangai,CHI,10,,111.7,NR,110,111,113,117,3,111.3,2,172,-4,,144.0,3.6,Questionable,Knee,176 carries and 775 yards; the short-yardage back on a rising offense.,"20 catches and 4 TDs — no receiving role, no goal-line lock, no floor."
116,14,WR,9,K.C. Concepcion,CLE,11,,121.7,NR,109,117,131,141,3,119.0,13,176,3,,126.7,4.1,NR,NR,58/752/3 as a rookie with an immediate role in Cleveland.,The Browns' quarterback room is among the league's weakest.
117,14,TE,5,Juwan Johnson,NO,8,SLEEPER,152.7,NR,130,165,128,154,3,147.8,23,168,31,,130.0,2.6,NR,NR,60 catches at TE — that's a top-18 reception total at the position in a premium format.,"Only 3 TDs are projected, and the Saints' tight-end role remains uncertain."
118,14,RB,8,Jordan Mason,MIN,6,,114.0,92.0,93,115,112,136,4,104.2,22,178,-14,,138.9,4.3,NR,NR,189 carries and 5 TDs; the early-down and goal-line back in Minnesota.,"Only 12 catches are projected, leaving little floor when game script turns negative."
119,14,TE,5,Hunter Henry,NE,11,SLEEPER,175.7,NR,139,184,159,146,3,167.8,37,152,49,,136.4,2.6,NR,NR,5 TDs and 55 catches at TE — a legitimate streaming starter in a premium format.,Age 32 and Eli Raridon is being groomed to take the job.
120,14,WR,9,De'Zhaun Stribling,SF,8,,119.3,NR,118,125,108,132,3,119.0,1,180,-1,,121.6,3.7,Questionable,Shoulder,"Standout preseason with Evans hurt, Deebo gone, and Pearsall out for the year — the path is open.",Pure speculation; 56/677/4 assumes a role he hasn't actually won yet.
121,14,QB,5,Tyler Shough,NO,8,SLEEPER,157.0,NR,134,150,171,145,3,152.1,23,177,31,,269.2,7.2,NR,NR,"3,951 yards and 377 rushing yards projected — a genuine QB2 with streaming appeal.",Only 22 TDs are projected on a rebuilding roster.
122,14,RB,8,Blake Corum,LAR,11,FADE,112.7,81.0,101,120,98,119,4,101.4,32,183,-21,,134.8,3.4,NR,NR,6 rushing TDs on 159 carries; the clear handcuff to a fragile Kyren Williams role.,"Only 13 catches are projected, so his standalone weekly value is nearly zero."
123,14,RB,8,Jacory Croskey-Merritt,WAS,7,FADE,104.3,95.0,104,104,105,129,4,101.5,9,182,-22,,135.2,3.1,Questionable,Undisclosed,179 carries and 7 rushing TDs — the goal-line back in a good offense.,12 catches all season; Rachaad White handles every passing down.
124,14,TE,5,Brenton Strange,JAC,7,SLEEPER,167.0,NR,141,166,169,181,3,161.4,26,166,37,,130.6,2.3,NR,NR,51/571/4 at TE with a locked starting role in Jacksonville.,A low-volume offense could make that starting role less useful than it looks.
125,15,QB,5,Jordan Love,GB,11,SLEEPER,146.3,NR,121,155,129,150,3,140.9,25,179,16,,265.4,7.9,NR,NR,"26 TDs and 3,856 yards; a fine QB2 with weekly QB1 upside in a good offense.",Minimal rushing production and a crowded receiver rotation cap his weekly floor.
126,15,TE,6,Dalton Schultz,HOU,8,SLEEPER,158.0,NR,155,164,146,185,3,157.4,3,174,31,,128.3,2.1,NR,NR,67 catches at TE — one of the highest reception totals available at the position.,"Only 3 TDs are projected, and his target share could disappear in crowded weeks."
127,15,TE,6,T.J. Hockenson,MIN,6,SLEEPER,174.7,NR,147,182,160,148,3,168.8,28,163,42,,131.9,2.0,NR,NR,59 catches at TE — that reception volume is worth ~44 bonus points in your format.,"Only 3 TDs are projected, and his route volume may no longer be secure."
128,15,WR,9,Jalen Coker,CAR,5,,143.0,NR,128,119,191,149,3,139.8,15,181,12,,120.2,3.4,NR,NR,50/621/3 with a real role opposite McMillan in Carolina.,Missed time already and Bryce Young's ceiling caps everyone in that room.
129,15,WR,9,Ja'Kobi Lane,BAL,13,SLEEPER,176.7,NR,140,187,156,190,3,168.8,37,NR,40,,,0.0,NR,NR,Rookie camp buzz gives him a plausible late-round ceiling in Baltimore.,Fourth option in a run-first offense; the projection is a dart throw.
130,15,RB,9,Aaron Jones Sr.,MIN,6,,118.3,NR,125,108,139,110,3,119.7,7,186,-10,,133.4,1.8,NR,NR,37 catches; still the passing-down back in a Vikings offense with a new QB.,Age 31 and Jordan Mason handles the early-down work — pure timeshare.
131,15,QB,5,Baker Mayfield,TB,10,,141.0,NR,120,138,147,140,3,136.5,21,184,6,,261.1,6.5,NR,NR,24 TDs and 366 rushing yards; a top-18 QB you can get in the last three rounds.,Tampa's changed supporting cast gives him a particularly wide range of outcomes.
132,15,WR,10,Rashid Shaheed,SEA,11,,134.3,NR,137,121,161,156,3,134.9,3,185,3,,117.8,3.5,NR,NR,4 TDs on 49 catches with elite speed; Seattle needed a field-stretcher.,JSN takes everything and Shaheed has never topped 750 yards.
133,15,RB,9,MarShawn Lloyd,GB,11,FADE,106.7,70.0,96,118,84,93,4,94.1,37,190,-39,,127.8,2.2,NR,NR,89 carries with real explosiveness; the Packers backfield behind Jacobs is thin.,Has barely played in two NFL seasons due to injury.
134,15,RB,9,Kenneth Gainwell,TB,10,FADE,110.3,NR,94,103,125,90,3,106.8,16,188,-27,,130.8,0.9,NR,NR,37 catches — from Week 8 on last year he averaged 13.3 touches and 17.8 PPG.,Bucky Irving is the starter; Gainwell only matters if Irving misses time.
135,16,RB,9,Rachaad White,WAS,7,,133.0,NR,105,128,143,121,3,127.0,28,187,-8,,132.2,1.1,Questionable,Undisclosed,42 catches — the designated passing-down back in a Jayden Daniels offense.,131 carries and Croskey-Merritt owns the goal line; touchdown equity is minimal.
136,16,RB,9,RJ Harvey,DEN,10,FADE,111.7,93.0,85,112,111,120,4,102.1,27,196,-34,,123.2,0.6,NR,NR,44 catches and 3 receiving TDs — the passing-down role in Denver is genuinely valuable here.,"Only 373 rushing yards are projected, making him dependent on receiving usage."
137,16,QB,5,Sam Darnold,SEA,11,SLEEPER,151.3,NR,138,162,130,158,3,148.5,13,191,12,,254.1,8.3,NR,NR,"4,130 yards and 26 TDs projected — a legitimate QB18 going completely undrafted.",His long history of turnover and week-to-week volatility remains a real risk.
138,16,WR,10,Jerry Jeudy,CLE,11,,126.0,NR,171,126,NR,183,2,135.6,45,195,-2,,108.1,3.1,NR,NR,51 catches; still the most talented receiver on Cleveland's roster.,645 yards and 3 TDs with the worst QB room in football throwing.
139,16,WR,10,Tre Tucker,LV,13,,140.0,NR,146,129,162,198,3,141.3,6,193,2,,109.4,3.0,NR,NR,52 catches with real speed; the Raiders need somebody to emerge opposite Bowers.,Rookie QB and 655 yards — a deep-league dart throw.
140,16,TE,6,AJ Barner,SEA,11,,145.0,NR,161,NR,145,204,2,148.4,16,194,8,,110.1,1.0,NR,NR,54 catches and 4 TDs at TE — real premium-format value at a free price.,Arroyo could still take enough routes to make the projection too optimistic.
141,16,QB,5,Malik Willis,MIA,6,SLEEPER,177.0,NR,145,195,141,174,3,170.1,32,189,29,,256.8,4.2,NR,NR,657 rushing yards projected — the second-highest QB rushing total in the league.,15 passing TDs; the passing floor is genuinely unplayable in some weeks.
142,16,WR,10,Jalen McMillan,TB,10,,133.0,NR,NR,133,NR,161,1,133.0,0,203,-9,,98.6,2.1,Questionable,Calf,4 TDs on just 39 catches — legitimate red-zone role in a good offense.,Returned from injury only recently and he's the fourth option in Tampa.
143,16,WR,10,Denzel Boston,CLE,11,,156.0,NR,151,143,182,188,3,154.9,5,198,12,,103.2,2.7,NR,NR,Tremendous camp reports as a second-round rookie with a clear path to snaps.,Cleveland's quarterback room may make even a starting role hard to use in fantasy.
144,16,WR,10,Rashod Bateman,BAL,13,,146.0,NR,NR,146,NR,245,1,146.0,0,204,2,,97.8,2.3,NR,NR,4 TDs on 44 catches — Lamar's most trusted red-zone receiver outside Flowers.,572 yards in a run-first offense; touchdown-dependent.
145,17,DST,1,HOU Texans,HOU,8,,96.7,NR,NR,99,92,84,2,96.7,0,78,-48,,152.1,0.0,NR,NR,,
146,18,WR,10,Jalen Nailor,LV,13,,160.3,NR,158,159,163,242,3,159.8,2,200,14,,101.2,2.5,NR,NR,44/577 with a defined role in an offense that will throw a lot from behind.,2 TDs projected and the Raiders' QB situation is a rookie.
147,18,DST,1,DEN Broncos,DEN,10,,95.3,NR,NR,93,100,89,2,95.3,0,82,-52,,147.0,0.0,NR,NR,,
148,19,TE,6,Chig Okonkwo,WAS,7,SLEEPER,186.7,NR,154,203,154,222,3,179.7,33,192,32,,111.9,1.5,NR,NR,54 catches at TE — real volume in a Jayden Daniels offense.,A coaching change makes the route and target projection unusually fragile.
149,19,DST,1,MIN Vikings,MIN,6,,139.0,NR,NR,114,189,187,2,139.0,0,85,-10,,137.0,0.0,NR,NR,,
150,20,TE,6,Kenyon Sadiq,NYJ,13,VALUE,172.0,NR,153,NR,172,172,2,167.9,19,201,18,,102.0,1.3,Questionable,Abdomen,Athletic rookie with enough receiving upside to benefit from the TE premium.,39/455/2 on a bad offense is still only a bench projection.
151,20,DST,1,SEA Seahawks,SEA,11,,92.7,NR,NR,84,110,107,2,92.7,0,84,-58,,141.5,0.0,NR,NR,,
152,21,QB,5,Daniel Jones,IND,13,SLEEPER,180.0,NR,144,191,158,157,3,172.3,36,202,20,,243.3,4.9,NR,NR,Fully cleared from the Achilles and coming off a genuinely productive Indy season.,"Only 21 TDs against 12 interceptions are projected, so last year's production may not hold."
153,21,DST,1,LAR Rams,LAR,11,,99.0,NR,NR,106,85,88,2,99.0,0,103,-54,,121.6,0.0,NR,NR,,
154,22,WR,11,Calvin Ridley,TEN,9,,149.0,NR,NR,149,NR,213,1,149.0,0,208,-5,,91.9,2.3,NR,NR,39/568/3 with the pedigree to be Tennessee's WR1 if Tate struggles.,Age 31 with Cam Ward throwing creates both efficiency and decline risk.
155,22,DST,1,PHI Eagles,PHI,10,,130.3,NR,NR,127,137,133,2,130.3,0,89,-25,,132.4,0.0,NR,NR,,
156,23,QB,5,Bryce Young,CAR,5,FADE,126.0,NR,156,NR,126,182,2,132.4,30,210,-24,,231.0,3.4,NR,NR,22 TDs and 229 rushing yards with McMillan emerging — a fine deep QB2.,His accuracy and pocket efficiency have never stabilized.
157,23,DST,1,NE Patriots,NE,11,,143.0,NR,NR,123,183,147,2,143.0,0,110,-14,,117.8,0.0,NR,NR,,
158,24,WR,11,Malik Washington,MIA,6,,157.0,NR,159,157,NR,214,2,157.4,2,206,-1,,94.7,1.1,NR,NR,43 catches plus 8 carries; Miami schemes him touches from the slot.,Only 455 yards are projected; Waddle's departure did not create as much volume as hoped.
159,24,DST,2,SF 49ers,SF,8,,150.0,NR,NR,NR,150,191,1,150.0,0,158,-9,,88.2,0.0,NR,NR,,
160,25,QB,6,C.J. Stroud,HOU,8,SLEEPER,176.3,NR,142,190,149,168,3,169.0,34,205,9,,239.5,6.5,NR,NR,"3,759 yards and 21 TDs with Collins healthy; the talent hasn't gone anywhere.",Two straight years of regression and a shaky offensive line limit confidence.
161,25,DST,2,CHI Bears,CHI,10,,152.0,NR,NR,NR,152,197,1,152.0,0,146,-9,,102.3,0.0,NR,NR,,
162,26,TE,6,Terrance Ferguson,LAR,11,SLEEPER,187.7,NR,173,206,151,178,3,184.5,15,197,22,,107.5,1.5,Questionable,Undisclosed,5 TDs projected at TE — the highest scoring rate of any tight end this late.,40 catches and Colby Parkinson still splits snaps.
163,26,DST,2,DET Lions,DET,6,,153.0,NR,NR,132,195,151,2,153.0,0,120,-10,,114.0,0.0,NR,NR,,
164,27,RB,10,Tyjae Spears,TEN,9,,155.7,NR,148,140,187,143,3,154.0,8,209,-10,,105.5,0.4,NR,NR,38 catches — the passing-down back in Tennessee with genuine half-PPR relevance.,"86 carries, 2 TDs, and a lengthy injury history."
165,27,DST,2,PIT Steelers,PIT,9,,163.7,NR,NR,147,197,113,2,163.7,0,86,-1,,135.9,0.0,NR,NR,,
166,28,WR,11,Adonai Mitchell,NYJ,13,,177.0,NR,174,177,NR,244,2,176.4,3,207,10,,93.1,1.9,NR,NR,4 TDs on 36 catches — the Jets' deep threat with red-zone equity.,He has never produced consistently at the NFL level.
167,28,DST,2,LAC Chargers,LAC,7,,168.7,NR,NR,152,202,167,2,168.7,0,92,2,,131.2,0.0,NR,NR,,
168,29,RB,10,Woody Marks,HOU,8,FADE,152.0,NR,131,139,178,144,3,147.5,21,213,-20,,98.2,0.8,NR,NR,27 catches — the passing-down back in Houston with standalone flex value.,135 carries and 2 TDs; Montgomery owns everything that scores.
169,29,K,1,Brandon Aubrey,DAL,14,,115.3,NR,NR,130,86,71,2,115.3,0,91,-54,,175.5,0.0,NR,NR,,
170,30,QB,6,Cameron Ward,TEN,9,FADE,133.0,NR,149,NR,133,193,2,136.4,16,219,-34,,218.9,5.3,NR,NR,"3,662 yards in year two with Tate and Ridley; the arm talent is real.",Only 19 TDs are projected in an offense that may remain inconsistent.
171,30,K,1,Cameron Dicker,LAC,7,,142.0,NR,NR,144,138,101,2,142.0,0,96,-29,,169.1,0.0,Questionable,Undisclosed,,
172,31,WR,11,Cooper Kupp,SEA,11,,150.0,NR,172,163,124,195,3,154.7,22,216,-17,,77.7,1.0,NR,NR,36/445/3; still runs the best routes in the league when healthy.,"Age 33 and the fourth option in Seattle behind JSN, Shaheed, and Barner."
173,31,K,1,Ka'imi Fairbairn,HOU,8,,135.7,NR,NR,142,123,115,2,135.7,0,101,-37,,159.8,0.0,NR,NR,,
174,32,WR,11,Ryan Flournoy,DAL,14,,172.0,NR,NR,172,NR,237,1,172.0,0,212,-2,,84.1,1.1,NR,NR,4 TDs on 36 catches — Dallas' designated third receiver with red-zone looks.,"417 yards; he's the fourth option behind Lamb, Pickens, and Ferguson."
175,32,K,1,Jason Myers,SEA,11,,138.0,NR,NR,141,132,105,2,138.0,0,102,-37,,156.2,0.0,NR,NR,,
176,33,WR,11,Omar Cooper Jr.,NYJ,13,,NR,NR,170,NR,NR,240,1,170.0,0,214,-6,,80.3,1.1,NR,NR,28/355/3 as a rookie with Garrett Wilson drawing every double team.,"The Jets project as a bottom-five offense, limiting touchdown chances."
177,33,K,1,Jake Bates,DET,6,,168.0,NR,NR,153,198,153,2,168.0,0,119,-9,,140.9,0.0,NR,NR,,
178,34,RB,10,Chris Rodriguez Jr.,JAC,7,,170.3,NR,129,169,173,164,3,161.5,41,217,-16,,93.5,1.3,NR,NR,4 rushing TDs — the designated short-yardage and goal-line back in Jacksonville.,10 catches and 129 carries; touchdown-dependent with no floor.
179,34,K,1,Cam Little,JAC,7,,164.3,NR,NR,156,181,137,2,164.3,0,114,-15,,145.5,0.0,NR,NR,,
180,35,WR,11,Travis Hunter,JAC,7,,172.7,NR,164,189,140,111,3,170.8,9,218,-9,,76.5,0.9,NR,NR,Generational two-way talent creates a ceiling the projection may not capture.,"34/391/2 projection is a bench stash, and the two-way workload limits offensive snaps."
181,35,K,1,Harrison Mevis,LAR,11,,160.7,NR,NR,148,186,122,2,160.7,0,132,-20,,136.9,0.0,NR,NR,,
182,36,WR,12,Jordyn Tyson,NO,8,,152.3,NR,116,178,101,179,3,144.5,36,223,-38,ORoY (+700),64.8,1.4,IR,Hamstring,49/633/4 as a rookie with a clear path to the Saints' WR2 role.,Hamstring keeping him out until roughly Week 6 — you're drafting six weeks of zeros.
183,36,K,2,Chase McLaughlin,TB,10,,173.3,NR,NR,160,200,226,2,173.3,0,107,-10,,150.0,0.0,NR,NR,,
184,37,WR,12,Troy Franklin,DEN,10,,202.0,NR,NR,202,NR,220,1,202.0,0,NR,18,,,0.0,NR,NR,The college connection with Nix gives him a path to exceeding a very low cost.,He remains buried in a crowded depth chart and may not earn consistent targets.
185,37,K,2,Trey Smack,GB,11,,173.7,NR,NR,173,175,180,2,173.7,0,126,-11,,139.8,0.0,NR,NR,,
186,38,RB,10,Alvin Kamara,NO,8,FADE,166.7,NR,162,176,148,162,3,165.7,5,221,-20,,84.4,0.3,Questionable,Knee,34 catches; the pass-game role still has flex value in half PPR.,Age 31 with 113 carries projected and 2 total TDs — the decline is steep.
187,38,K,2,Harrison Butker,KC,5,,175.0,NR,NR,179,167,139,2,175.0,0,112,-12,,147.2,0.0,NR,NR,,
188,39,RB,10,Keaton Mitchell,LAC,7,FADE,174.7,NR,150,170,184,196,3,169.4,25,222,-19,,84.3,0.5,Questionable,Undisclosed,19 catches and elite burst; the Chargers wanted a change-of-pace weapon.,39 carries projected — a pure handcuff behind Hampton.
189,39,K,2,Tyler Loop,BAL,13,,178.3,NR,NR,167,201,169,2,178.3,0,118,-11,,142.3,0.0,NR,NR,,
190,40,RB,10,Tyler Allgeier,ARI,14,FADE,164.0,NR,117,161,170,163,3,153.9,47,227,-36,,76.1,0.5,NR,NR,"Direct handcuff to Jeremiyah Love, who's dealing with a high ankle sprain right now.",Standalone value is near zero — 98 carries and 3 TDs if Love plays.
191,40,K,2,Will Reichard,MIN,6,,180.3,NR,NR,168,205,176,2,180.3,0,117,-11,,143.0,0.0,NR,NR,,
192,41,RB,10,Brian Robinson Jr.,ATL,11,FADE,165.3,NR,152,188,120,177,3,162.5,13,226,-30,,77.5,0.6,NR,NR,4 rushing TDs — Atlanta's designated short-yardage back behind Bijan.,9 catches and a timeshare role; only matters if Bijan misses time.
193,41,WR,12,Isaac TeSlaa,DET,6,,184.0,NR,NR,209,134,227,2,184.0,0,220,-9,,70.1,0.8,NR,NR,4 TDs on just 30 catches — Detroit's red-zone third receiver.,He is still behind St. Brown and Jameson Williams for weekly targets.
194,41,RB,11,Mike Washington Jr.,LV,13,FADE,161.7,NR,123,175,135,159,3,153.4,39,229,-41,,67.6,0.4,NR,NR,Rookie with 85 carries projected; the Raiders backfield behind Jeanty is wide open.,Pure handcuff without a standalone passing-down role.
195,41,QB,7,Fernando Mendoza,LV,13,FADE,121.0,NR,165,NR,121,184,2,130.4,44,232,-65,,186.3,1.3,NR,NR,Rookie first-rounder who will start at some point this season.,Kirk Cousins is the Week 1 starter and Mendoza struggled badly in preseason.
196,41,RB,11,Tyrone Tracy Jr.,NYG,8,FADE,182.0,NR,163,186,174,230,3,177.9,19,228,-18,,73.0,0.3,Questionable,Neck,28 catches — the passing-down back in New York with standalone half-PPR value.,"Skattebo owns the goal line, leaving Tracy dependent on passing situations."
197,41,RB,11,Braelon Allen,NYJ,13,FADE,165.7,NR,169,171,155,239,3,166.4,3,230,-31,,61.2,0.2,NR,NR,Size and short-yardage role behind an injury-prone Breece Hall.,"Only 91 carries are projected, and the Jets may not create many goal-line chances."
198,41,RB,11,Jonah Coleman,DEN,10,FADE,160.0,NR,143,158,164,160,3,156.4,17,233,-42,,56.8,0.2,NR,NR,Rookie behind an aging Dobbins and a pass-catching Harvey — a path exists.,Only 66 carries are projected without an injury ahead of him.
199,41,RB,11,Dylan Sampson,CLE,11,,198.0,NR,168,198,NR,207,2,191.6,30,224,-7,,78.9,0.2,NR,NR,40 catches projected — the clear passing-down back in Cleveland.,Only 61 carries are projected while Judkins owns the early-down work.
200,41,RB,11,Tank Bigsby,PHI,10,FADE,178.7,NR,157,185,166,203,3,174.0,22,231,-26,,59.6,0.3,NR,NR,3 TDs behind the best run-blocking line in football; the Barkley handcuff.,5 catches all season — zero standalone value in half PPR.
201,41,WR,13,Tank Dell,HOU,8,,NR,NR,166,NR,NR,166,1,166.0,0,234,-35,,35.6,0.2,IR,Knee - ACL + MCL,Explosive when healthy; Houston needs a separator opposite Collins badly.,Missed all of last season after a knee reconstruction — the recovery is not routine.
202,42,RB,11,Ray Davis,BUF,7,FADE,167.3,NR,175,183,136,236,3,169.0,8,235,-33,,50.5,0.1,NR,NR,Direct handcuff to James Cook in the highest-scoring offense in football.,62 carries projected — worthless unless Cook goes down.
203,42,RB,12,Isiah Pacheco,DET,6,,168.7,NR,167,181,144,170,3,168.3,2,236,-35,,46.9,0.3,IR,Back,122 carries and 3 TDs; direct handcuff to Gibbs in the best offense in football.,Gibbs is an iron man and Pacheco's efficiency collapsed the last two years.
204,42,RB,12,Emmett Johnson,KC,5,FADE,182.3,NR,160,197,153,212,3,177.5,22,237,-26,,46.8,0.1,NR,NR,Rookie in the best offense in football; Kansas City backfields make people out of nowhere.,Only 48 carries are projected without a depth-chart change.
205,43,RB,13,Zach Charbonnet,SEA,11,,156.7,NR,136,145,180,152,3,152.3,21,242,-53,,,0.0,PUP,Knee - ACL,Proven producer when given volume; the Jadarian Price role is not fully locked.,Coming off an ACL tear with a long recovery timeline reported.
206,44,TE,7,Cade Otton,TB,10,,NR,NR,NR,NR,NR,228,0,249.0,0,199,,,102.6,1.1,NR,NR,53 catches at TE — free reception volume in a premium format.,3 TDs and Tampa's offense runs through the WRs entirely.
207,44,WR,14,Germie Bernard,PIT,9,,NR,NR,NR,NR,NR,243,0,249.0,0,211,,,87.8,1.5,NR,NR,43/523/3 as a rookie in a Pittsburgh offense that needed bodies.,Third option behind Metcalf and Pittman.
208,44,WR,14,Tre Harris,LAC,7,,NR,NR,NR,NR,NR,241,0,249.0,0,215,,,78.1,1.1,Questionable,Undisclosed,32/415/2 with a path to snaps if Johnston's drops continue.,He remains the fourth option in Los Angeles.
209,44,WR,14,Keon Coleman,BUF,7,,NR,NR,NR,NR,NR,225,0,249.0,0,225,,,61.9,0.7,Questionable,Foot,Size and red-zone role in the highest-scoring offense in football.,21 catches projected; he has fallen completely out of the Buffalo plan.
210,45,RB,14,Kimani Vidal,LAC,7,,NR,NR,NR,NR,NR,238,0,249.0,0,238,,,45.4,0.1,NR,NR,66 carries; the Chargers' RB2 behind an unproven second-year Hampton.,Pure handcuff without dependable standalone touches.
211,45,RB,14,Jaydon Blue,DAL,14,,NR,NR,NR,NR,NR,NR,0,249.0,0,239,,,45.2,0.1,NR,NR,11 catches and real speed; the Cowboys' designated passing-down back.,61 carries and 1 TD; Javonte owns everything that matters.
212,45,RB,14,Sean Tucker,TB,10,,NR,NR,NR,NR,NR,231,0,249.0,0,240,,,44.6,0.1,Questionable,Undisclosed,3 TDs on 70 carries; the Bucs' RB2 with real burst.,Gainwell was signed to be the pass-down back — Tucker is third in line.
213,45,RB,14,James Conner,ARI,14,,NR,NR,NR,NR,NR,218,0,249.0,0,241,,,27.3,0.0,IR,Foot,"Direct handcuff to Jeremiyah Love, who has a high ankle sprain right now.",Age 31 with only 36 carries projected; the career may simply be over.
214,46,WR,15,Antonio Williams,WAS,7,,NR,NR,NR,NR,NR,233,0,249.0,0,NR,,,,0.0,NR,NR,27/388/3 with Washington's WR room thinner than it's been in years.,Third option at best with very little weekly target security.
215,46,RB,15,Kaytron Allen,WAS,7,,NR,NR,NR,NR,NR,224,0,249.0,0,NR,,,,0.0,NR,NR,Rookie behind a committee — Washington's backfield has no locked-in lead.,Only 37 carries are projected without injuries ahead of him.
216,46,RB,15,Trey Benson,ARI,14,,NR,NR,NR,NR,NR,217,0,249.0,0,243,,,,0.0,IR,Knee,Talented back on a team whose starter has an ankle injury right now.,23 carries projected — Allgeier is ahead of him on the depth chart.
217,46,WR,15,Marvin Mims Jr.,DEN,10,,NR,NR,NR,NR,NR,223,0,249.0,0,NR,,,,0.0,Questionable,Foot,Elite return ability and Denver's WR room is unsettled behind Sutton and Waddle.,He has never held a consistent offensive role.
218,46,WR,15,Darnell Mooney,NYG,8,,NR,NR,NR,NR,NR,232,0,249.0,0,NR,,,,0.0,NR,NR,Deep-threat role with Dart's arm; the Giants need someone opposite Nabers.,He is coming off a lost season and may remain a low-volume deep threat.
219,46,DST,2,JAC Jaguars,JAC,7,,182.3,NR,NR,174,199,175,2,182.3,0,109,-37,,118.0,0.0,NR,NR,,
220,46,DST,2,NYG Giants,NYG,8,,185.0,NR,NR,199,157,205,2,185.0,0,148,-35,,101.7,0.0,NR,NR,,
221,46,DST,3,KC Chiefs,KC,5,,185.0,NR,NR,NR,185,171,1,185.0,0,139,-36,,109.3,0.0,NR,NR,,
222,46,DST,3,BUF Bills,BUF,7,,185.7,NR,NR,196,165,189,2,185.7,0,99,-36,,125.8,0.0,NR,NR,,
223,46,DST,3,DAL Cowboys,DAL,14,,192.0,NR,NR,NR,192,173,1,192.0,0,156,-31,,92.7,0.0,NR,NR,,
224,47,DST,3,ATL Falcons,ATL,11,,192.0,NR,NR,192,NR,219,1,192.0,0,155,-32,,95.2,0.0,NR,NR,,
225,47,DST,3,GB Packers,GB,11,,193.0,NR,NR,NR,193,201,1,193.0,0,128,-32,,113.5,0.0,NR,NR,,
226,47,DST,3,BAL Ravens,BAL,13,,194.0,NR,NR,193,196,125,2,194.0,0,127,-32,,113.4,0.0,NR,NR,,
227,47,DST,4,CLE Browns,CLE,11,,204.0,NR,NR,204,NR,155,1,204.0,0,145,-23,,102.0,0.0,NR,NR,,
228,47,DST,4,TB Buccaneers,TB,10,,207.0,NR,NR,207,NR,234,1,207.0,0,147,-21,,102.1,0.0,NR,NR,,
229,47,DST,4,NO Saints,NO,8,,208.0,NR,NR,208,NR,235,1,208.0,0,143,-21,,103.9,0.0,NR,NR,,
230,47,DST,4,TEN Titans,TEN,9,,210.0,NR,NR,210,NR,216,1,210.0,0,167,-20,,77.6,0.0,NR,NR,,
231,48,DST,5,CIN Bengals,CIN,6,,NR,NR,NR,NR,NR,209,0,249.0,0,150,,,99.7,0.0,NR,NR,,
232,48,DST,5,IND Colts,IND,13,,NR,NR,NR,NR,NR,221,0,249.0,0,153,,,96.9,0.0,NR,NR,,
233,48,DST,5,WAS Commanders,WAS,7,,NR,NR,NR,NR,NR,206,0,249.0,0,157,,,89.3,0.0,NR,NR,,
234,48,DST,5,ARI Cardinals,ARI,14,,NR,NR,NR,NR,NR,211,0,249.0,0,160,,,84.2,0.0,NR,NR,,
235,48,DST,5,CAR Panthers,CAR,5,,NR,NR,NR,NR,NR,208,0,249.0,0,161,,,83.9,0.0,NR,NR,,
236,48,DST,5,NYJ Jets,NYJ,13,,NR,NR,NR,NR,NR,229,0,249.0,0,170,,,75.7,0.0,NR,NR,,
237,48,DST,5,LV Raiders,LV,13,,NR,NR,NR,NR,NR,210,0,249.0,0,169,,,76.1,0.0,NR,NR,,
238,48,DST,6,MIA Dolphins,MIA,6,,NR,NR,NR,NR,NR,202,0,249.0,0,171,,,75.3,0.0,NR,NR,,
239,48,K,2,Chris Boswell,PIT,9,,183.3,NR,NR,180,190,165,2,183.3,0,134,-56,,136.7,0.0,NR,NR,,
240,48,K,2,Wil Lutz,DEN,10,,194.0,NR,NR,194,194,200,2,194.0,0,106,-46,,151.5,0.0,NR,NR,,
241,49,K,3,Cairo Santos,CHI,10,,202.0,NR,NR,200,206,186,2,202.0,0,129,-39,,139.4,0.0,NR,NR,,
242,49,K,3,Evan McPherson,CIN,6,,201.7,NR,NR,201,203,194,2,201.7,0,133,-40,,136.7,0.0,NR,NR,,
243,49,K,3,Eddy Pineiro,SF,8,,204.0,NR,NR,NR,204,138,1,204.0,0,113,-39,,147.3,0.0,NR,NR,,
244,49,K,3,Tyler Bass,BUF,7,,205.0,NR,NR,205,NR,199,1,205.0,0,125,-39,,139.9,0.0,NR,NR,,
245,50,K,4,Andres Borregales,NE,11,,NR,NR,NR,NR,NR,NR,0,249.0,0,130,,,137.9,0.0,NR,NR,,
246,50,K,4,Blake Grupe,IND,13,,NR,NR,NR,NR,NR,215,0,249.0,0,131,,,137.4,0.0,NR,NR,,
247,50,K,4,Charlie Smyth,NO,8,,NR,NR,NR,NR,NR,NR,0,249.0,0,135,,,135.8,0.0,NR,NR,,
248,50,K,4,Jake Elliott,PHI,10,,NR,NR,NR,NR,NR,192,0,249.0,0,137,,,133.5,0.0,NR,NR,,
249,50,K,4,Ben Sauls,NYG,8,,NR,NR,NR,NR,NR,NR,0,249.0,0,138,,,133.5,0.0,Questionable,Undisclosed,,
